{
  "compare_rating": 0.7035830618892508,
  "deliver_time": 34,
  "food_score": 4.71724,
  "order_rating_amount": 1914,
  "overall_score": 4.70195,
  "service_score": 4.68666
}